City_ID,City,Lat,Lng,Max Temp,Humidity,Cloudiness,Wind Speed,Country,Date
0,pangkalanbuun,-2.6833,111.6167,23.16,97,99,1.1,ID,1675016593
1,mataura,-46.1927,168.8643,10.78,69,61,0.74,NZ,1675016593
2,busselton,-33.65,115.3333,17.64,72,64,5.74,AU,1675016593
3,hermanus,-34.4187,19.2345,19.33,64,100,10.26,ZA,1675016345
4,rikitea,-23.1203,-134.9692,25.84,74,80,4.91,PF,1675016593
5,huanren,41.2647,125.3667,-13.26,96,53,0.53,CN,1675016594
6,fare,-16.7,-151.0167,26.84,76,5,5.35,PF,1675016594
7,oranjemund,-28.55,16.4333,17.23,84,0,2.55,NA,1675016493
8,xichang,27.8964,102.2634,5.92,76,0,0.57,CN,1675016594
9,bluff,-46.6,168.3333,15.02,73,81,3.32,NZ,1675016324
10,lebu,-37.6167,-73.65,18.84,78,58,6.89,CL,1675016595
11,hammerfest,70.6634,23.6821,0.25,86,75,2.57,NO,1675016595
12,margate,51.3813,1.3862,7.17,89,94,1.79,GB,1675016578
13,georgetown,5.4112,100.3354,26.96,79,20,1.03,MY,1675016574
14,touros,-5.1989,-35.4608,29.48,58,49,7.28,BR,1675016595
15,kapaa,22.0752,-159.319,22.18,68,75,8.75,US,1675016596
16,tambura,5.6,27.4667,28.12,24,69,1.02,SS,1675016596
17,kaka,37.3482,59.6143,3.42,60,64,1.7,TM,1675016596
18,mahebourg,-20.4081,57.7,26.81,89,40,2.06,MU,1675016582
19,torbay,47.6666,-52.7314,2.54,64,75,15.43,CA,1675016596
20,carnarvon,-24.8667,113.6333,22.71,83,0,3.75,AU,1675016308
21,bridlington,54.0831,-0.1919,7.94,83,96,11.05,GB,1675016597
22,chubbuck,42.9208,-112.4661,-11.76,65,40,9.26,US,1675016597
23,namibe,-15.1961,12.1522,24.03,83,98,3.34,AO,1675016597
24,baykit,61.67,96.37,-18.11,100,99,0.52,RU,1675016597
25,east london,-33.0153,27.9116,18.52,72,75,2.06,ZA,1675016598
26,solnechnyy,50.7214,136.6319,-30.19,95,37,1.6,RU,1675016598
27,longyearbyen,78.2186,15.6401,-3.09,74,40,9.77,SJ,1675016345
28,lavrentiya,65.5833,-171.0,-5.9,94,100,5.02,RU,1675016598
29,saint-philippe,-21.3585,55.7679,27.77,88,100,2.06,RE,1675016599
30,vostok,46.4856,135.8833,-30.67,98,68,1.9,RU,1675016599
31,simbahan,6.3032,120.5836,27.12,82,100,6.73,PH,1675016599
32,barrow,71.2906,-156.7887,-18.99,78,100,4.12,US,1675016599
33,chunskiy,56.0815,99.6342,-6.81,90,100,4.29,RU,1675016600
34,hobart,-42.8794,147.3294,15.92,82,100,0.0,AU,1675016324
35,ushuaia,-54.8,-68.3,11.81,66,75,8.23,AR,1675016489
36,pilar,-9.5972,-35.9567,29.96,50,47,5.57,BR,1675016600
37,abu zabad,12.35,29.25,27.38,10,41,4.38,SD,1675016600
38,sompeta,18.9333,84.6,22.14,82,16,1.14,IN,1675016601
39,dikson,73.5069,80.5464,-33.91,96,21,1.8,RU,1675016601
40,provideniya,64.3833,-173.3,-5.17,92,83,7.74,RU,1675016601
41,glenwood springs,39.5505,-107.3248,1.45,74,100,4.63,US,1675016601
42,sitka,57.0531,-135.33,0.94,86,75,0.0,US,1675016602
43,butaritari,3.0707,172.7902,27.43,78,100,9.84,KI,1675016311
44,brasy,49.837,13.5783,-3.51,100,100,20.56,CZ,1675016602
45,vieques,18.425,-65.8329,28.56,65,40,7.2,PR,1675016602
46,brigantine,39.4101,-74.3646,12.89,70,40,4.63,US,1675016350
47,avarua,-21.2078,-159.775,27.03,83,20,3.09,CK,1675016603
48,puerto ayora,-0.7393,-90.3518,30.98,90,89,1.79,EC,1675016603
49,ribeira grande,38.5167,-28.7,15.22,72,40,2.57,PT,1675016603
50,poum,-20.2333,164.0167,26.07,77,59,7.27,NC,1675016466
51,tasiilaq,65.6145,-37.6368,-9.91,82,31,2.75,GL,1675016393
52,tuktoyaktuk,69.4541,-133.0374,-24.0,77,75,1.03,CA,1675016603
53,tandil,-37.3217,-59.1332,30.38,17,0,3.9,AR,1675016462
54,itoman,26.1247,127.6694,14.01,54,20,7.2,JP,1675016604
55,punta arenas,-53.15,-70.9167,17.06,42,0,9.77,CL,1675016559
56,hilo,19.7297,-155.09,20.16,88,100,2.06,US,1675016355
57,dubbo,-32.25,148.6167,21.07,83,75,5.14,AU,1675016604
58,nikolskoye,59.7035,30.7861,0.94,90,100,4.2,RU,1675016604
59,chuy,-33.6971,-53.4616,26.32,61,43,6.91,UY,1675016605
60,pevek,69.7008,170.3133,-19.63,98,66,1.31,RU,1675016605
61,dingle,10.9995,122.6711,23.77,94,100,4.61,PH,1675016605
62,qaanaaq,77.484,-69.3632,-21.48,82,100,0.99,GL,1675016605
63,bredasdorp,-34.5322,20.0403,18.95,58,99,8.55,ZA,1675016606
64,guerrero negro,27.9769,-114.0611,15.51,63,7,2.11,MX,1675016606
65,saint-augustin,51.226,-58.6502,-14.26,71,19,8.39,CA,1675016606
66,albany,42.6001,-73.9662,7.63,69,100,0.45,US,1675016315
67,yanliang,34.6592,109.2292,-4.45,24,0,1.79,CN,1675016606
68,sharan,54.8167,54.0,-15.88,97,89,2.9,RU,1675016607
69,babushkin,51.7122,105.8647,-9.57,85,100,1.97,RU,1675016607
70,kahului,20.8947,-156.47,23.25,88,40,3.6,US,1675016432
71,batagay,67.6333,134.6333,-45.97,96,28,0.38,RU,1675016607
72,mabaruma,8.2,-59.7833,28.54,43,15,2.9,GY,1675016608
73,ugoofaaru,5.6667,73.0,26.9,71,17,3.76,MV,1675016608
74,saskylakh,71.9167,114.0833,-34.53,98,99,1.49,RU,1675016608
75,jamestown,42.097,-79.2353,5.01,96,100,6.17,US,1675016608
76,benguela,-12.5763,13.4055,26.75,75,98,1.0,AO,1675016609
77,klaksvik,62.2266,-6.589,4.51,75,78,16.83,FO,1675016609
78,nishihara,26.1842,127.7558,13.6,54,20,7.2,JP,1675016609
79,fort nelson,58.8053,-122.7002,-20.23,77,100,1.54,CA,1675016609
80,sao joao da barra,-21.6403,-41.0511,30.05,84,99,6.88,BR,1675016610
81,lac du bonnet,50.2536,-96.0612,-21.89,91,93,3.05,CA,1675016610
82,luderitz,-26.6481,15.1594,17.05,81,0,7.24,NA,1675016610
83,baracoa,20.3467,-74.4958,26.64,62,72,6.46,CU,1675016526
84,new norfolk,-42.7826,147.0587,15.72,67,72,0.34,AU,1675016611
85,obo,5.3998,26.4869,27.65,28,58,1.75,CF,1675016611
86,mar del plata,-38.0023,-57.5575,28.24,69,0,6.69,AR,1675016412
87,trat,12.5,102.5,23.82,51,63,4.21,TH,1675016611
88,airai,-8.9266,125.4092,16.11,93,96,0.43,TL,1675016376
89,castro,-24.7911,-50.0119,28.56,48,13,2.28,BR,1675016611
90,boddam,57.4667,-1.7833,7.21,73,84,12.43,GB,1675016612
91,portland,45.5234,-122.6762,2.91,38,20,7.72,US,1675016261
92,ulladulla,-35.35,150.4667,20.74,95,100,1.89,AU,1675016612
93,praia,14.9215,-23.5087,23.3,60,75,10.29,CV,1675016336
94,eyl,7.9803,49.8164,23.85,74,1,9.53,SO,1675016612
95,victoria,22.2855,114.1577,13.51,45,65,4.02,HK,1675016613
96,sungairaya,0.7,108.9,24.43,96,100,3.29,ID,1675016613
97,yellowknife,62.456,-114.3525,-31.71,75,20,2.06,CA,1675016613
98,towada,40.6127,141.2067,-5.44,92,83,2.45,JP,1675016613
99,arman,59.7,150.1667,-12.85,80,100,6.23,RU,1675016614
100,constitucion,-35.3333,-72.4167,21.62,63,20,5.56,CL,1675016614
101,yulara,-25.2406,130.9889,21.36,74,24,4.56,AU,1675016392
102,reconquista,-29.15,-59.65,38.02,24,29,3.5,AR,1675016614
103,ilulissat,69.2167,-51.1,-10.99,62,75,13.89,GL,1675016614
104,letlhakane,-21.4167,25.5833,27.49,42,100,6.71,BW,1675016615
105,mount isa,-20.7333,139.5,26.87,69,73,2.57,AU,1675016615
106,kjollefjord,70.9457,27.3465,1.9,69,75,6.69,NO,1675016615
107,hami,42.8,93.45,-7.01,33,92,0.98,CN,1675016615
108,voyvozh,62.892,54.9635,-12.66,93,100,4.34,RU,1675016357
109,lompoc,34.6391,-120.4579,12.51,75,100,4.47,US,1675016616
110,kavieng,-2.5744,150.7967,28.2,74,64,3.54,PG,1675016616
111,cape town,-33.9258,18.4232,24.08,50,0,8.23,ZA,1675016413
112,isangel,-19.55,169.2667,26.01,85,41,1.57,VU,1675016616
113,pimentel,-6.8367,-79.9342,28.16,54,0,8.75,PE,1675016616
114,bocanda,7.0626,-4.4995,33.51,35,100,2.29,CI,1675016617
115,port lincoln,-34.7333,135.8667,15.69,80,7,4.53,AU,1675016617
116,gondanglegi,-7.7479,112.0132,23.9,91,100,0.49,ID,1675016617
117,pacific grove,36.6177,-121.9166,10.99,86,75,4.63,US,1675016509
118,saint george,37.1041,-113.5841,9.13,50,0,1.34,US,1675016618
119,norman wells,65.282,-126.8329,-8.98,86,100,5.14,CA,1675016490
120,upernavik,72.7868,-56.1549,-20.97,82,81,3.94,GL,1675016471
121,flinders,-34.5833,150.8552,23.99,85,100,2.68,AU,1675016618
122,murray bridge,-35.1167,139.2667,16.18,85,32,4.24,AU,1675016618
123,podporozhye,60.9112,34.1706,-1.71,94,100,4.75,RU,1675016618
124,delijan,33.9905,50.6838,6.36,53,54,1.96,IR,1675016619
125,catamarca,-28.4696,-65.7852,30.99,51,52,4.02,AR,1675016460
126,yumen,40.2833,97.2,-5.99,26,86,2.0,CN,1675016619
127,half moon bay,37.4636,-122.4286,11.47,70,100,7.2,US,1675016619
128,chapais,49.7834,-74.8492,-19.12,80,98,1.47,CA,1675016619
129,atuona,-9.8,-139.0333,25.92,76,42,8.62,PF,1675016372
130,tartagal,-22.5164,-63.8013,31.07,54,90,1.89,AR,1675016445
131,sri aman,1.2376,111.4621,24.03,100,87,1.03,MY,1675016620
132,saldanha,-33.0117,17.9442,23.03,75,39,6.59,ZA,1675016620
133,paamiut,61.994,-49.6678,-3.33,69,100,8.62,GL,1675016620
134,ca mau,9.1769,105.15,24.2,72,100,1.05,VN,1675016621
135,porto santo,33.072,-16.3415,14.21,72,40,6.17,PT,1675016621
136,saint-joseph,-21.3667,55.6167,27.21,87,100,1.31,RE,1675016621
137,villa guerrero,18.8667,-99.65,23.79,23,0,2.18,MX,1675016621
138,mehamn,71.0357,27.8492,1.97,69,75,6.69,NO,1675016622
139,waipawa,-41.4122,175.5153,16.83,95,95,1.68,NZ,1675016622
140,arraial do cabo,-22.9661,-42.0278,26.92,78,40,3.09,BR,1675016622
141,sur,22.5667,59.5289,19.42,56,0,5.73,OM,1675016576
142,broken hill,-31.95,141.4333,19.94,86,100,5.23,AU,1675016622
143,northam,51.0333,-4.2167,8.12,95,88,5.54,GB,1675016342
144,port macquarie,-31.4333,152.9167,22.72,90,100,3.75,AU,1675016623
145,alugan,12.2188,125.4808,24.96,95,100,6.11,PH,1675016623
146,port blair,11.6667,92.75,27.02,74,40,4.63,IN,1675016623
147,port elizabeth,-33.918,25.5701,18.16,69,20,4.12,ZA,1675016623
148,kaitangata,-46.2817,169.8464,11.55,75,57,2.35,NZ,1675016624
149,comodoro rivadavia,-45.8667,-67.5,28.92,37,0,6.69,AR,1675016624
150,leningradskiy,69.3833,178.4167,-16.47,86,29,1.35,RU,1675016624
151,celendin,-6.8703,-78.1517,22.29,55,79,2.67,PE,1675016624
152,canmore,51.0834,-115.3521,-20.94,70,5,2.06,CA,1675016509
153,vaini,-21.2,-175.2,24.09,100,40,0.51,TO,1675016625
154,ballina,-28.8667,153.5667,23.34,97,100,3.34,AU,1675016625
155,kodiak,57.79,-152.4072,2.73,100,100,2.57,US,1675016625
156,teknaf,20.8624,92.3058,19.08,55,0,1.98,BD,1675016626
157,nelson bay,-32.7167,152.15,22.78,97,100,1.34,AU,1675016408
158,uaua,-9.8414,-39.4817,35.66,21,0,5.72,BR,1675016626
159,tarauaca,-8.1614,-70.7656,24.96,87,100,0.79,BR,1675016626
160,suluq,31.6682,20.2521,12.91,53,6,3.27,LY,1675016626
161,voh,-20.9667,164.7,22.63,91,55,2.23,NC,1675016627
162,taretan,19.3333,-101.9167,27.06,38,0,4.12,MX,1675016627
163,asau,46.4333,26.4,-3.49,96,93,0.44,RO,1675016476
164,doha,25.2867,51.5333,15.94,55,0,0.0,QA,1675016329
165,lata,40.1629,-8.3327,11.56,62,1,2.75,PT,1675016627
166,nemuro,43.3236,145.575,-6.6,57,12,2.92,JP,1675016616
167,bethel,41.3712,-73.414,10.3,64,100,2.57,US,1675016620
168,santa maria,-29.6842,-53.8069,31.61,45,40,3.09,BR,1675016465
169,parlier,36.6116,-119.5271,10.79,100,100,4.63,US,1675016627
170,leninsk,48.7119,45.1994,-3.82,90,80,3.62,RU,1675016628
171,plettenberg bay,-34.0527,23.3716,18.47,66,81,7.44,ZA,1675016628
172,islahiye,37.025,36.6306,7.36,84,100,1.13,TR,1675016628
173,port alfred,-33.5906,26.891,19.54,65,95,0.89,ZA,1675016629
174,bathsheba,13.2167,-59.5167,28.34,57,20,6.69,BB,1675016629
175,gimbi,9.1667,35.8333,18.57,25,31,1.01,ET,1675016629
176,komsomolskiy,40.4272,71.7189,-0.6,74,100,1.03,UZ,1675016574
177,kabanjahe,3.1001,98.4908,17.29,99,100,0.39,ID,1675016629
178,batagay-alyta,67.8006,130.4114,-40.36,94,37,1.16,RU,1675016630
179,douai,50.3333,3.1667,4.79,80,92,4.9,FR,1675016630
180,hithadhoo,-0.6,73.0833,27.74,74,86,4.46,MV,1675016630
181,hasaki,35.7333,140.8333,0.12,79,32,3.33,JP,1675016368
182,mestia,43.0458,42.7278,-0.46,97,100,1.1,GE,1675016630
183,bukama,-9.2,25.85,22.79,83,8,0.48,CD,1675016631
184,hokitika,-42.7167,170.9667,18.88,90,100,2.13,NZ,1675016631
185,notre-dame-du-lac,47.6136,-68.7964,-11.81,91,100,1.31,CA,1675016631
186,yarovoye,52.9273,78.58,-16.33,99,85,3.52,RU,1675016631
187,tura,25.5198,90.2201,17.29,57,0,1.54,IN,1675016632
188,tuatapere,-46.1333,167.6833,14.21,61,99,1.31,NZ,1675016632
189,mount darwin,-16.7725,31.5838,21.16,91,55,1.67,ZW,1675016632
190,hofn,64.2539,-15.2082,1.16,68,80,7.83,IS,1675016632
191,san patricio,28.017,-97.5169,24.05,77,99,5.77,US,1675016395
192,plouzane,48.3833,-4.6167,7.1,87,100,3.09,FR,1675016633
193,olinda,-8.0089,-34.8553,28.85,61,40,4.63,BR,1675016388
194,ewa beach,21.3156,-158.0072,21.97,82,100,5.66,US,1675016374
195,khatanga,71.9667,102.5,-40.4,100,77,1.5,RU,1675016633
196,jieshi,22.8134,115.8257,11.8,56,31,5.03,CN,1675016633
197,torrington,41.8007,-73.1212,10.99,69,100,1.34,US,1675016634
198,samarai,-10.6167,150.6667,28.34,79,91,4.29,PG,1675016634
199,susangerd,31.5608,48.1831,14.45,58,33,4.19,IR,1675016634
200,blackwater,-23.5833,148.8833,22.01,83,99,3.02,AU,1675016634
201,garowe,8.4054,48.4845,22.82,56,2,9.9,SO,1675016635
202,mamburao,13.25,120.6667,23.33,85,87,4.07,PH,1675016635
203,les escoumins,48.1111,-69.0236,-14.36,82,100,2.13,CA,1675016635
204,dicabisagan,17.0818,122.4157,21.85,88,100,4.27,PH,1675016635
205,erenhot,43.6475,111.9767,-11.64,68,2,3.78,CN,1675016497
206,orsk,51.2049,58.5668,-14.5,85,42,0.0,RU,1675016636
207,alabaster,33.2443,-86.8164,12.46,88,100,2.06,US,1675016386
208,nanortalik,60.1432,-45.2371,-4.28,73,100,2.61,GL,1675016636
209,muros,42.7762,-9.0603,9.35,63,7,4.13,ES,1675016636
210,fairbanks,64.8378,-147.7164,-5.02,88,100,2.06,US,1675016535
211,anloga,5.7947,0.8973,27.77,77,96,3.57,GH,1675016636
212,ancud,-41.8697,-73.8203,18.77,78,33,4.4,CL,1675016637
213,semporna,4.4818,118.6112,25.08,90,99,2.79,MY,1675016637
214,gimli,50.6336,-96.9907,-22.99,64,69,3.09,CA,1675016637
215,rawson,-43.3002,-65.1023,29.66,34,0,4.56,AR,1675016418
216,bengkulu,-3.8004,102.2655,23.78,92,100,2.61,ID,1675016638
217,souillac,-20.5167,57.5167,26.21,89,40,2.06,MU,1675016638
218,vardo,70.3705,31.1107,-2.01,93,75,11.32,NO,1675016638
219,san cristobal,7.7669,-72.225,24.1,28,17,2.31,VE,1675016638
220,elko,41.0002,-115.5012,-5.99,80,100,6.71,US,1675016639
221,cockburn town,21.4612,-71.1419,26.98,54,75,7.72,TC,1675016639
222,natal,-5.795,-35.2094,31.36,61,40,6.69,BR,1675016552
223,thompson,55.7435,-97.8558,-28.91,69,75,4.63,CA,1675016639
224,el tigre,8.8875,-64.2454,30.86,31,22,4.13,VE,1675016639
225,san felipe,10.3399,-68.7425,29.44,42,62,4.12,VE,1675016640
226,zaprudnya,56.5667,37.4333,-5.72,95,100,2.91,RU,1675016640
227,sao filipe,14.8961,-24.4956,21.93,71,81,7.21,CV,1675016640
228,manggar,-2.8833,108.2667,25.93,81,98,5.38,ID,1675016640
229,edirne,41.6772,26.556,1.56,74,92,1.97,TR,1675016553
230,ponta do sol,32.6667,-17.1,16.51,65,71,2.9,PT,1675016641
231,urumqi,43.801,87.6005,-16.47,72,51,1.0,CN,1675016641
232,cayenne,4.9333,-52.3333,27.02,65,100,4.12,GF,1675016590
233,severo-kurilsk,50.6789,156.125,-2.84,91,100,13.79,RU,1675016641
234,bhuj,23.2667,69.6667,16.1,67,0,3.67,IN,1675016069
235,canyon,34.9803,-101.9188,1.49,51,33,3.18,US,1675016641
236,iqaluit,63.7506,-68.5145,-36.15,73,75,1.03,CA,1675016642
237,clyde river,70.4692,-68.5914,-30.34,93,42,1.99,CA,1675016642
238,ishigaki,24.3448,124.1572,11.07,71,53,2.57,JP,1675016643
239,imeni poliny osipenko,52.4201,136.4853,-36.84,100,91,1.27,RU,1675016643
240,kutum,14.2,24.6667,24.29,13,69,2.79,SD,1675016643
241,richards bay,-28.783,32.0377,21.38,73,100,4.21,ZA,1675016643
242,zemio,5.0314,25.1361,27.06,29,42,1.2,CF,1675016644
243,cabo san lucas,22.8909,-109.9124,24.78,49,0,3.09,MX,1675016383
244,monteagudo,-19.8167,-63.9833,25.01,78,96,0.73,BO,1675016644
245,codrington,-38.2667,141.9667,12.57,85,0,2.58,AU,1675016644
246,muncar,-8.4333,114.3333,23.67,95,100,0.85,ID,1675016645
247,gigmoto,13.7796,124.39,24.87,90,100,7.89,PH,1675016645
248,masuguru,-11.3667,38.4167,25.99,70,33,1.46,TZ,1675016645
249,sobolevo,54.4299,31.8996,-3.33,93,100,4.57,RU,1675016646
250,soe,-9.8607,124.284,19.38,92,100,1.35,ID,1675016646
251,mamaku,-38.1,176.0833,17.44,98,100,2.26,NZ,1675016646
252,gilford,43.5476,-71.4067,4.49,76,100,2.24,US,1675016545
253,mokhsogollokh,61.4681,128.9203,-47.76,100,79,1.38,RU,1675016646
254,wakema,16.6,95.1833,21.96,70,7,0.39,MM,1675016647
255,nizwa,22.9333,57.5333,18.58,45,0,0.66,OM,1675016647
256,lukulu,-14.3707,23.242,18.92,95,100,2.91,ZM,1675016647
257,byron bay,-28.65,153.6167,23.3,80,100,2.91,AU,1675016647
258,chokurdakh,70.6333,147.9167,-38.52,100,70,1.34,RU,1675016425
259,huangpi,30.8845,114.3779,0.06,69,0,2.0,CN,1675016648
260,padang,-0.9492,100.3543,24.03,86,100,2.25,ID,1675016648
261,lastoursville,-0.8143,12.7287,25.34,76,81,1.72,GA,1675016648
262,carman,49.4992,-98.0016,-21.81,64,94,3.6,CA,1675016649
263,ahipara,-35.1667,173.1667,19.8,95,100,4.07,NZ,1675016649
264,bagotville,-28.9833,153.4167,23.25,97,99,2.8,AU,1675016649
265,labuhan,-6.8844,112.2051,25.46,87,100,2.63,ID,1675016650
266,joanopolis,-22.9303,-46.2756,23.0,84,92,2.04,BR,1675016650
267,hay river,60.8156,-115.7999,-17.01,71,75,3.6,CA,1675016650
268,daru,-9.0763,143.2092,27.04,80,100,2.0,PG,1675016650
269,coquimbo,-29.9533,-71.3436,18.85,72,75,5.14,CL,1675016633
270,vila velha,-20.3297,-40.2925,29.97,66,40,8.23,BR,1675016651
271,portoferraio,42.8115,10.3146,9.21,70,0,2.06,IT,1675016651
272,forecariah,9.4306,-13.0881,28.73,55,97,3.61,GN,1675016651
273,noumea,-22.2763,166.4572,23.89,99,80,0.62,NC,1675016652
274,sigli,5.3848,95.9609,25.27,89,100,3.3,ID,1675016652
275,hillsboro,45.5229,-122.9898,2.38,42,0,9.26,US,1675016570
276,hirara,24.8,125.2833,15.81,56,69,7.43,JP,1675016652
277,karratha,-20.7377,116.8463,30.03,50,81,2.76,AU,1675016652
278,amga,60.8953,131.9608,-48.07,100,85,0.32,RU,1675016653
279,dzerzhinsk,56.2389,43.4631,-6.1,79,100,5.0,RU,1675016653
280,hobyo,5.3505,48.5268,24.69,77,40,9.19,SO,1675016653
281,roswell,34.0232,-84.3616,12.76,68,100,2.06,US,1675016525
282,greeley,40.4233,-104.7091,-12.56,79,100,3.6,US,1675016405
283,shetpe,44.1667,52.1167,-1.41,44,8,3.39,KZ,1675016654
284,beyneu,45.3167,55.2,-1.64,75,6,5.4,KZ,1675016654
285,edson,53.5835,-116.4356,-18.92,65,0,1.54,CA,1675016654
286,kirakira,-10.4544,161.9205,24.6,90,100,1.48,SB,1675016655
287,boueni,-12.9025,45.0761,26.99,78,10,0.84,YT,1675016655
288,mariental,-24.6333,17.9667,33.64,17,2,2.43,NA,1675016655
289,valleyview,55.0667,-117.2859,-20.98,71,65,6.69,CA,1675016655
290,zeya,53.75,127.2667,-34.23,100,30,1.21,RU,1675016656
291,sorong,-0.8833,131.25,26.83,81,100,2.78,ID,1675016653
292,crestview,30.7621,-86.5705,22.1,76,100,1.54,US,1675016452
293,luau,-10.7073,22.2247,19.32,95,62,2.13,AO,1675016656
294,amapa,1.0,-52.0,27.18,79,65,1.96,BR,1675016656
295,necochea,-38.5473,-58.7368,30.07,32,0,6.68,AR,1675016656
296,cherskiy,68.75,161.3,-24.17,98,81,0.83,RU,1675016657
297,tromso,69.6496,18.957,-0.99,86,75,1.54,NO,1675016657
298,artyshta,54.1222,86.2909,-12.47,89,100,5.41,RU,1675016657
299,vao,-22.6667,167.4833,24.57,76,95,4.33,NC,1675016658
300,kita,13.0349,-9.4895,30.61,9,48,2.25,ML,1675016658
301,saint anthony,45.0205,-93.218,-14.58,65,40,3.09,US,1675016658
302,vestmanna,62.1564,-7.1664,3.51,81,75,13.38,FO,1675016658
303,lazarev,52.225,141.5131,-30.54,95,14,2.29,RU,1675016659
304,havre-saint-pierre,50.2334,-63.5986,-14.0,47,0,6.17,CA,1675016659
305,candelaria,13.9311,121.4233,23.55,89,84,4.26,PH,1675016659
306,lodwar,3.1191,35.5973,30.65,28,3,5.23,KE,1675016659
307,isla mujeres,21.2311,-86.731,27.03,79,22,6.63,MX,1675016660
308,geraldton,-28.7667,114.6,26.23,61,66,3.09,AU,1675016660
309,casper,42.8666,-106.3131,-17.93,76,100,7.2,US,1675016363
310,yanzhou,35.5528,116.8286,0.91,31,0,2.61,CN,1675016660
311,santa fe,-31.6333,-60.7,36.68,43,70,0.89,AR,1675016408
312,malanje,-9.5402,16.341,18.46,92,83,0.66,AO,1675016661
313,tall kayf,37.0833,41.0667,8.19,61,75,5.66,TR,1675016661
314,tiksi,71.6872,128.8694,-37.45,97,89,3.29,RU,1675016661
315,perni,41.0011,24.6356,6.31,87,100,3.09,GR,1675016661
316,adolfo lopez mateos,28.4667,-107.3,13.85,28,0,8.81,MX,1675016662
317,bayanday,53.0661,105.5139,-14.6,95,100,1.08,RU,1675016662
318,nome,64.5011,-165.4064,1.04,86,100,8.75,US,1675016662
319,sibanicu,21.235,-77.5264,28.25,37,53,8.38,CU,1675016662
320,bloomington,44.8408,-93.2983,-14.37,62,0,3.6,US,1675016628
321,hambantota,6.1241,81.1185,22.19,100,75,0.0,LK,1675016593
322,santa marinella,42.0345,11.8536,6.95,73,1,3.91,IT,1675016663
323,berezayka,57.9883,33.9036,-2.99,94,99,3.57,RU,1675016663
324,pochutla,15.7432,-96.4661,30.9,37,0,3.61,MX,1675016663
325,kadoshkino,54.0257,44.4191,-7.71,96,81,3.43,RU,1675016474
326,naron,43.5167,-8.1528,9.45,72,22,5.57,ES,1675016664
327,hualmay,-11.0964,-77.6139,24.94,69,84,4.13,PE,1675016664
328,talnakh,69.4865,88.3972,-24.33,100,98,0.23,RU,1675016664
329,naze,28.3667,129.4833,10.51,58,74,6.19,JP,1675016478
330,cidreira,-30.1811,-50.2056,26.35,74,9,6.5,BR,1675016665
331,mason city,43.1536,-93.201,-14.68,74,0,5.66,US,1675016413
332,tiarei,-17.5333,-149.3333,29.01,76,7,4.11,PF,1675016524
333,esperance,-33.8667,121.9,16.27,72,46,4.24,AU,1675016665
334,rincon,32.296,-81.2354,17.14,76,100,2.06,US,1675016665
335,gorele,41.0308,39.0031,7.13,85,100,1.28,TR,1675016665
336,cairns,-16.9167,145.7667,25.04,100,75,2.57,AU,1675016666
337,xining,36.6167,101.7667,-3.26,26,0,0.11,CN,1675016666
338,south sioux city,42.4739,-96.4136,-14.56,68,100,4.63,US,1675016666
339,kindu,-2.95,25.95,20.27,99,44,0.99,CD,1675016667
340,sangar,63.9242,127.4739,-46.43,99,43,0.83,RU,1675016667
341,churapcha,62.0025,132.4325,-49.05,100,86,1.45,RU,1675016667
342,sisimiut,66.9395,-53.6735,-8.6,76,100,7.61,GL,1675016667
343,neryungri,56.6709,124.6491,-30.23,100,100,1.08,RU,1675016661
344,viedma,-40.8135,-62.9967,38.55,12,0,7.35,AR,1675016668
345,hamilton,39.1834,-84.5333,7.97,92,100,4.63,US,1675016497
346,pisco,-13.7,-76.2167,26.03,65,20,4.12,PE,1675016668
347,bantry,51.6833,-9.45,11.55,92,90,3.94,IE,1675016668
348,fortuna,40.5982,-124.1573,9.19,87,20,1.54,US,1675016457
349,maniitsoq,65.4167,-52.9,-5.61,87,100,7.85,GL,1675016669
350,pangnirtung,66.1451,-65.7125,-35.0,61,20,0.0,CA,1675016669
351,oshakati,-17.7833,15.6833,29.77,36,29,1.05,NA,1675016669
352,shenzhen,22.5455,114.0683,13.45,49,73,2.11,CN,1675016669
353,bubaque,11.2833,-15.8333,25.2,57,93,6.08,GW,1675016670
354,aklavik,68.2191,-135.0107,-12.0,85,75,2.06,CA,1675016670
355,wattegama,6.7989,81.4808,20.53,88,85,1.5,LK,1675016670
356,ramos arizpe,25.55,-100.9667,23.86,32,0,4.63,MX,1675016670
357,mersing,2.4312,103.8405,24.95,88,40,7.2,MY,1675016671
358,blenheim,-41.516,173.9528,19.18,93,100,2.06,NZ,1675016671
359,antofagasta,-23.65,-70.4,22.6,69,75,4.22,CL,1675016671
360,gornozavodsk,58.3758,58.3211,-13.08,96,100,2.92,RU,1675016672
361,mae chan,20.1467,99.8526,16.81,74,2,0.93,TH,1675016672
362,snasa,64.2457,12.3778,1.67,100,100,1.57,NO,1675016672
363,erzin,36.9559,36.2,10.17,78,97,1.95,TR,1675016672
364,kloulklubed,7.0419,134.2556,27.83,74,98,6.96,PW,1675016673
365,rognan,67.0953,15.3878,1.6,89,98,3.09,NO,1675016673
366,miraflores,19.2167,-98.8083,23.42,24,0,1.83,MX,1675016673
367,san lorenzo,-25.3333,-57.5333,35.52,41,40,2.24,PY,1675016673
368,kars,40.602,43.095,-5.75,93,100,0.51,TR,1675016609
369,nelson,-41.2833,173.2833,20.72,96,99,0.45,NZ,1675016674
370,mazara del vallo,37.6641,12.588,10.52,72,21,2.52,IT,1675016674
371,key west,24.5557,-81.7826,26.0,74,40,8.23,US,1675016674
372,kudahuvadhoo,2.6708,72.8944,26.85,77,21,2.78,MV,1675016674
373,santa luzia,-19.7697,-43.8514,31.6,44,75,5.14,BR,1675016601
374,hazaribag,23.9833,85.35,13.49,33,0,0.8,IN,1675016675
375,grand gaube,-20.0064,57.6608,26.32,83,99,1.39,MU,1675016675
376,oskarshamn,57.2645,16.4484,4.99,83,100,8.3,SE,1675016675
377,besleney,44.2405,41.7387,2.02,70,100,1.88,RU,1675016675
378,mogzon,51.7435,111.9606,-21.5,100,90,0.67,RU,1675016676
379,shelburne,44.0787,-80.2041,-4.31,92,100,4.21,CA,1675016676
380,port-gentil,-0.7193,8.7815,27.98,78,20,2.57,GA,1675016676
381,lieksa,63.3167,30.0167,-1.95,93,99,5.1,FI,1675016676
382,socorro,31.6546,-106.3033,15.92,20,75,3.09,US,1675016677
383,azul,-36.777,-59.8585,32.36,23,0,4.33,AR,1675016677
384,kismayo,-0.3582,42.5454,24.97,82,51,7.82,SO,1675016677
385,najran,17.4924,44.1277,16.36,52,17,1.71,SA,1675016593
386,demerval lobao,-5.3583,-42.6764,30.67,37,17,1.55,BR,1675016529
387,key largo,25.0865,-80.4473,28.0,79,86,8.08,US,1675016677
388,weihai,37.5017,122.1136,-0.34,65,0,4.55,CN,1675016678
389,adrar,20.5022,-10.0711,19.54,30,46,3.68,MR,1675016678
390,orlik,52.5178,99.825,-20.62,88,100,1.0,RU,1675016678
391,general roca,-39.0333,-67.5833,38.68,10,0,10.85,AR,1675016678
392,leeuwarden,53.2014,5.8086,6.67,93,100,6.69,NL,1675016679
393,samfya,-11.3649,29.5565,19.54,86,90,0.79,ZM,1675016679
394,invercargill,-46.4,168.35,13.58,64,76,1.53,NZ,1675016679
395,rochegda,62.8,43.25,-7.65,94,98,3.9,RU,1675016679
396,beisfjord,68.3751,17.5988,-1.96,92,98,3.21,NO,1675016680
397,novyy buh,47.6931,32.5216,-2.67,71,57,4.16,UA,1675016680
398,ulagan,50.6321,87.9563,-11.54,87,100,1.12,RU,1675016680
399,tazovskiy,67.4667,78.7,-27.1,100,97,2.21,RU,1675016680
400,sakhon nakhon,17.1612,104.1472,10.85,60,5,2.95,TH,1675016681
401,fukuma,33.7667,130.4667,5.0,58,100,9.61,JP,1675016681
402,bambous virieux,-20.3428,57.7575,26.23,89,40,2.06,MU,1675016681
403,pangody,65.85,74.4859,-31.94,100,63,1.89,RU,1675016681
404,gambissara,13.2382,-14.3108,32.53,8,89,2.76,SN,1675016682
405,lodingen,68.414,15.9951,-1.03,89,100,5.59,NO,1675016682
406,aleksandrovskiy zavod,50.9237,117.9374,-27.27,99,53,1.43,RU,1675016682
407,nakamura,32.9833,132.9333,0.94,86,18,2.08,JP,1675016504
408,pleshanovo,52.8333,53.4833,-15.45,98,96,1.93,RU,1675016682
409,goderich,43.7501,-81.7165,-1.72,80,99,7.72,CA,1675016683
410,amazar,53.858,120.875,-29.68,100,27,1.38,RU,1675016683
411,rio tuba,8.5061,117.4317,26.06,82,100,6.05,PH,1675016683
412,timra,62.487,17.3257,0.82,93,100,2.57,SE,1675016683
413,kushima,31.4583,131.2333,6.12,87,53,2.53,JP,1675016684
414,belaya gora,68.5333,146.4167,-40.92,100,41,0.98,RU,1675016684
415,lewisville,33.0462,-96.9942,4.67,90,100,7.2,US,1675016684
416,alta floresta,-9.8756,-56.0861,25.39,82,86,1.97,BR,1675016684
417,road town,18.4167,-64.6167,28.05,69,40,7.2,VG,1675016685
418,matay,28.419,30.7792,18.52,40,89,6.11,EG,1675016685
419,huaraz,-9.5333,-77.5333,15.29,73,100,2.16,PE,1675016685
420,robertsport,6.7533,-11.3686,26.96,78,78,4.06,LR,1675016686
421,rumuruti,0.267,36.5389,17.43,55,29,6.48,KE,1675016686
422,sioux lookout,50.1001,-91.917,-22.96,70,20,2.57,CA,1675016686
423,dagda,56.0951,27.5372,-0.9,96,100,4.05,LV,1675016686
424,marrakesh,31.6315,-8.0083,14.04,44,20,1.54,MA,1675016687
425,dosso,13.049,3.1937,26.65,9,69,2.89,NE,1675016687
426,tilichiki,60.4667,166.1,-0.02,86,100,17.25,RU,1675016687
427,harper,4.375,-7.7169,27.16,76,100,3.27,LR,1675016687
428,vorobyevka,50.6451,40.9245,-3.31,97,100,2.61,RU,1675016688
429,beringovskiy,63.05,179.3167,-5.2,96,100,5.2,RU,1675016688
430,platteville,42.7342,-90.4785,-9.37,67,100,4.63,US,1675016450
431,sinnamary,5.3833,-52.95,26.73,72,37,4.4,GF,1675016688
432,jumla,29.2747,82.1838,1.02,56,0,3.48,NP,1675016688
433,medicine hat,50.0501,-110.6683,-17.38,69,100,5.14,CA,1675016689
434,surin,14.8818,103.4936,14.54,62,19,6.25,TH,1675016689
435,tacuati,-23.45,-56.5833,34.27,41,72,1.76,PY,1675016689
436,boyolangu,-8.1181,111.8935,24.02,92,100,0.92,ID,1675016689
437,college,64.8569,-147.8028,-5.03,88,100,2.06,US,1675016690
438,yerbogachen,61.2767,108.0108,-15.09,97,100,2.23,RU,1675016690
439,laje,-10.1833,-40.9667,33.13,21,0,5.97,BR,1675016690
440,nizhniy kuranakh,58.8353,125.4869,-31.84,99,99,1.27,RU,1675016690
441,shache,38.4167,77.2406,-8.95,91,61,1.65,CN,1675016691
442,bilibino,68.0546,166.4372,-17.49,93,100,2.26,RU,1675016691
443,griffith,41.5284,-87.4237,-0.27,88,100,7.2,US,1675016461
444,japura,-0.3167,102.35,22.17,99,100,1.18,ID,1675016691
445,himatangi,-40.4,175.3167,19.4,98,100,0.82,NZ,1675016691
446,podgornoye,51.735,39.1496,-6.88,93,75,2.0,RU,1675016692
447,masasi,-10.7167,38.8,22.43,76,58,2.12,TZ,1675016692
448,surt,31.2089,16.5887,13.75,36,0,3.45,LY,1675016692
449,kargasok,59.0556,80.8572,-10.38,93,81,4.38,RU,1675016693
450,caravelas,-17.7125,-39.2481,29.01,59,84,4.29,BR,1675016693
451,huron,41.1501,-82.5499,6.7,90,100,4.4,US,1675016693
452,chimbote,-9.0853,-78.5783,24.82,67,87,4.21,PE,1675016396
453,casas grandes,30.3667,-107.95,16.36,28,50,5.47,MX,1675016693
454,marsa matruh,31.3525,27.2453,15.52,62,0,4.26,EG,1675016694
455,arlit,18.7369,7.3853,20.79,4,74,3.44,NE,1675016694
456,zatoka,46.0725,30.4654,0.87,71,100,7.56,UA,1675016694
457,coahuayana,18.7333,-103.6833,31.97,29,1,2.52,MX,1675016694
458,kaeo,-35.1,173.7833,21.29,96,100,5.42,NZ,1675016677
459,gat,31.61,34.7642,15.78,100,94,2.72,IL,1675016695
460,ostersund,63.1792,14.6357,2.56,87,75,6.69,SE,1675016695
461,hovd,48.0056,91.6419,-15.71,67,22,1.04,MN,1675016695
462,anadyr,64.75,177.4833,-2.72,92,75,13.0,RU,1675016695
463,general pico,-35.6566,-63.7568,33.84,21,0,6.1,AR,1675016499
464,bagdarin,54.4333,113.6,-24.18,96,52,1.48,RU,1675016696
465,bowen,-20.0167,148.2333,26.37,74,99,4.9,AU,1675016566
466,vidalia,32.2177,-82.4135,11.88,93,100,0.0,US,1675016696
467,krasnoselkup,65.7,82.4667,-26.44,100,94,2.11,RU,1675016696
468,parrita,9.5201,-84.3225,29.4,48,94,2.88,CR,1675016696
469,sambava,-14.2667,50.1667,25.86,92,96,2.15,MG,1675016697
470,karonga,-9.9333,33.9333,24.39,82,37,1.73,MW,1675016697
471,egvekinot,66.3167,-179.1667,-10.4,88,87,5.31,RU,1675016697
472,limon,10.0,-83.0333,28.36,69,0,3.09,CR,1675016698
473,inta,66.0317,60.1659,-9.33,83,100,7.3,RU,1675016698
474,nyrob,60.733,56.7202,-12.58,95,100,3.75,RU,1675016698
475,semey,50.4111,80.2275,-18.43,95,23,0.92,KZ,1675016698
476,varna,43.2167,27.9167,1.24,85,100,4.63,BG,1675016641
477,tabuk,17.4189,121.4443,18.79,89,100,1.93,PH,1675016604
478,yeppoon,-23.1333,150.7333,21.88,81,89,1.92,AU,1675016699
479,lexington,37.9887,-84.4777,8.0,87,100,6.17,US,1675016483
480,merauke,-8.4667,140.3333,26.83,82,100,1.84,ID,1675016699
481,ciorasti,45.4333,27.3,-3.89,88,48,2.29,RO,1675016699
482,tarskoye,42.967,44.7711,-2.86,82,100,0.93,RU,1675016699
483,mansehra,34.3333,73.2,7.72,80,100,0.9,PK,1675016700
484,san pedro,14.35,121.0167,23.57,82,20,1.03,PH,1675016568
485,gorontalo,0.5412,123.0595,23.72,96,100,1.63,ID,1675016700
486,christchurch,-43.5333,172.6333,18.84,93,100,5.14,NZ,1675016486
487,mairana,-18.1167,-63.9333,19.73,87,98,1.31,BO,1675016700
488,banda aceh,5.5577,95.3222,24.99,88,95,4.24,ID,1675016700
489,erice,38.037,12.5865,7.26,87,20,1.54,IT,1675016701
490,eustis,28.8528,-81.6853,28.39,63,0,4.63,US,1675016701
491,caliling,9.9804,122.4814,25.86,87,100,9.55,PH,1675016701
492,san quintin,30.4833,-115.95,13.56,68,93,1.61,MX,1675016651
493,saint-denis,48.9167,2.3333,5.06,72,100,3.09,FR,1675016702
494,lafia,8.4833,8.5167,34.04,26,85,0.82,NG,1675016702
495,urgut,39.4022,67.2431,-3.21,65,44,2.06,UZ,1675016702
496,basoko,1.2391,23.616,23.74,73,56,1.73,CD,1675016703
497,omsukchan,62.5333,155.8,-18.21,98,100,5.39,RU,1675016703
498,malinyi,-8.9333,36.1333,23.43,87,8,0.95,TZ,1675016703
499,sola,-13.8833,167.55,24.37,100,20,0.0,VU,1675016704
500,kibaya,-5.3,36.5667,17.87,72,79,2.75,TZ,1675016704
501,ayan,56.45,138.1667,-23.66,73,47,5.19,RU,1675016704
502,mandalgovi,45.7625,106.2708,-13.13,64,0,2.26,MN,1675016705
503,ochamchira,42.7121,41.4721,8.5,87,98,1.65,GE,1675016705
504,luanda,-8.8368,13.2343,28.0,74,40,5.14,AO,1675016584
505,umm kaddadah,13.6017,26.6876,26.83,9,97,4.7,SD,1675016706
506,smyrna,33.884,-84.5144,12.81,68,100,2.06,US,1675016706
507,moindou,-21.6924,165.677,23.25,83,66,1.54,NC,1675016706
508,almaznyy,48.0448,40.045,0.29,86,100,2.69,RU,1675016706
509,yanam,16.7333,82.2167,23.87,76,7,3.33,IN,1675016707
510,sattahip,12.6664,100.9007,21.05,56,65,5.14,TH,1675016707
511,panguna,-6.3164,155.4848,20.61,96,98,0.59,PG,1675016707
512,havelock,34.8791,-76.9013,20.0,55,0,5.14,US,1675016708
513,kralendijk,12.15,-68.2667,25.64,74,29,8.2,BQ,1675016595
514,thibodaux,29.7958,-90.8229,22.77,95,100,2.24,US,1675016708
515,huarmey,-10.0681,-78.1522,24.3,73,100,3.75,PE,1675016708
516,balikpapan,-1.2675,116.8289,23.55,100,75,1.54,ID,1675016709
517,powell,40.1578,-83.0752,7.17,94,100,1.79,US,1675016709
518,pabrade,55.0,25.7833,-0.42,95,100,5.09,LT,1675016709
519,hailey,43.5196,-114.3153,-10.0,82,100,6.71,US,1675016709
520,hohhot,40.8106,111.6522,-16.84,66,0,2.0,CN,1675016710
521,novobirilyussy,56.9514,90.6661,-11.12,91,100,4.39,RU,1675016710
522,prince rupert,54.3161,-130.3201,1.83,75,0,5.66,CA,1675016444
523,banepa,27.6298,85.5214,10.63,76,20,1.54,NP,1675016710
524,istanbul,41.0351,28.9833,3.92,81,75,3.6,TR,1675016164
525,manaure,11.7751,-72.4445,29.67,52,20,9.62,CO,1675016711
526,narsaq,60.9167,-46.05,-10.88,68,100,4.18,GL,1675016711
527,ushtobe,45.2514,77.9838,-12.99,89,62,3.16,KZ,1675016711
528,neuquen,-38.9516,-68.0591,36.94,19,0,8.23,AR,1675016702
529,willmar,45.1219,-95.0433,-17.11,71,0,3.6,US,1675016712
530,inongo,-1.95,18.2667,23.95,85,73,1.91,CD,1675016712
531,gairo,39.8497,9.5047,5.65,94,48,2.08,IT,1675016712
532,makambako,-8.8453,34.823,15.08,95,43,2.55,TZ,1675016712
533,olafsvik,64.8945,-23.7142,-0.54,72,72,7.99,IS,1675016713
534,seoul,37.5683,126.9778,-1.34,73,0,0.51,KR,1675016408
535,guapore,-28.8456,-51.8903,28.17,74,44,0.53,BR,1675016713
536,hlotse,-28.8718,28.045,17.5,66,85,6.08,LS,1675016713
537,alofi,-19.0595,-169.9187,23.94,94,52,1.03,NU,1675016714
538,mpika,-11.8343,31.4529,17.4,95,95,1.05,ZM,1675016714
539,jalu,29.0331,21.5482,14.66,39,0,4.37,LY,1675016714
540,vila,42.0304,-8.1588,3.49,78,4,1.88,PT,1675016714
541,ixtapa,20.7,-105.2,25.57,65,40,3.09,MX,1675016596
542,iranshahr,27.2025,60.6848,9.19,81,0,0.0,IR,1675016715
543,vilhena,-12.7406,-60.1458,21.12,100,75,3.6,BR,1675016715
544,warwick,41.7001,-71.4162,12.1,72,100,12.35,US,1675016715
545,mokhotlong,-29.2894,29.0675,12.35,86,65,3.76,LS,1675016716
546,gornesti,46.6713,24.6476,-0.21,75,86,2.4,RO,1675016716
547,nyaunglebin,17.95,96.7333,22.27,56,18,1.8,MM,1675016716
548,lorengau,-2.0226,147.2712,27.17,78,92,1.46,PG,1675016510
549,jiuquan,39.7432,98.5174,-7.07,47,42,1.78,CN,1675016716
550,aasiaat,68.7098,-52.8699,-15.5,73,92,8.63,GL,1675016460
551,gizo,-8.103,156.8419,27.49,77,100,2.8,SB,1675016717
552,honiara,-9.4333,159.95,24.76,90,100,2.06,SB,1675016717
553,nouadhibou,20.931,-17.0347,19.99,56,21,7.2,MR,1675016493
554,celestun,20.8667,-90.4,28.61,53,7,2.13,MX,1675016717
555,petropavlovsk-kamchatskiy,53.0452,158.6483,-4.67,63,75,5.0,RU,1675016717
556,vanimo,-2.6741,141.3028,25.66,86,67,1.17,PG,1675016718
557,batayurt,43.3194,46.6854,3.98,79,100,2.45,RU,1675016718
558,santa cruz,-17.8,-63.1667,30.03,66,75,7.2,BO,1675016718
559,aktau,43.65,51.2,-3.68,49,19,5.28,KZ,1675016719
560,challans,46.8436,-1.8749,5.11,84,59,2.64,FR,1675016719
561,puerto del rosario,28.5004,-13.8627,17.86,48,20,5.14,ES,1675016719
562,husavik,66.0449,-17.3389,-3.03,94,100,7.13,IS,1675016458
563,atagay,55.1033,99.3875,-14.98,93,98,0.91,RU,1675016719
564,dinard,48.6314,-2.0614,6.21,81,100,3.6,FR,1675016720
565,sakaiminato,35.55,133.2333,1.99,87,75,4.63,JP,1675016720
566,troitsko-pechorsk,62.7084,56.1964,-11.92,93,100,4.08,RU,1675016720
567,la joya,18.6667,-99.4667,28.73,23,0,2.04,MX,1675016473
568,concepcion del uruguay,-32.4825,-58.2372,35.91,17,0,4.48,AR,1675016484
569,warrington,53.3925,-2.5802,9.14,86,40,6.69,GB,1675016721
570,kargopol,61.5071,38.9456,-5.27,95,100,4.16,RU,1675016472
571,krasnyy chikoy,50.3643,108.7512,-16.64,99,100,0.7,RU,1675016721
572,ust-maya,60.4167,134.5333,-48.92,100,63,0.31,RU,1675016721
573,sinjai,-5.1241,120.253,24.17,86,80,1.82,ID,1675016722
574,rio gallegos,-51.6226,-69.2181,20.03,42,75,6.17,AR,1675016564
575,visakhapatnam,17.69,83.2093,25.94,73,9,2.06,IN,1675016722
576,inhambane,-23.865,35.3833,26.45,82,0,5.49,MZ,1675016722
577,ust-kulom,61.6864,53.6902,-11.8,93,100,3.63,RU,1675016722
578,biak,-0.9131,122.8766,24.33,83,92,1.19,ID,1675016723
579,iringa,-7.7667,35.7,15.36,90,59,2.36,TZ,1675016723
580,mana,5.6592,-53.7767,25.77,82,66,3.87,GF,1675016723
581,penha,-26.7694,-48.6458,26.93,83,40,6.17,BR,1675016528
582,santa barbara,34.7333,-120.0343,10.05,79,100,0.0,US,1675015983
583,mayo,38.8876,-76.5119,10.1,67,100,4.63,US,1675016724
584,andenes,69.3143,16.1194,-0.6,86,75,2.06,NO,1675016724
585,alyangula,-13.8483,136.4192,27.68,79,94,3.8,AU,1675016724
586,varciorog,46.9667,22.3,-1.59,85,78,0.51,RO,1675016724
587,fairfield,41.2668,-73.3162,10.38,65,100,5.14,US,1675016604
